Workbook
Name Categories: Lists!$B$4:$B$10
Name Focus: Lists!$G$4:$G$8
Name Mental: Lists!$C$4:$C$13
Name Nutrition: Lists!$E$4:$E$9
Name Organization: Lists!$I$4:$I$8
Name Physical: Lists!$D$4:$D$13
Name Productivity: Lists!$F$4:$F$12
Name Relationships: Lists!$H$4:$H$8

Sheet Set Up
C3: Categories | D3: Habit
B4: 1 | C4: Mental | D4: Practice gratitude
B5: 2 | C5: Physical | D5: Exercise
B6: 3 | C6: Physical | D6: Go outside/get sunlight
B7: 4 | C7: Productivity | D7: Prioritize top 3 tasks
B8: 5 | C8: Productivity | D8: Inbox/email cleanup
B9: 6 | C9: Focus | D9: Limit social media
B10: 7 | C10: Relationships | D10: Express appreciation
B11: 8 | C11: Relationships | D11: Reach out to a friend
B12: 9 | C12: Organization | D12: Make the bed
B13: 10 | C13: Organization | D13: Clean for 10 minutes

Sheet Dashboard
B2: Yearly Statistics
B23: January | E23: February | H23: March | K23: April | N23: May | Q23: June
B24: Number of habits | C24: =COUNTA(Jan!B10:B19) -> 10 | E24: Number of habits | H24: Number of habits | K24: Number of habits | N24: Number of habits | Q24: Number of habits
B25: Completed | C25: =SUM(Jan!C22:AG22) -> 12 | E25: Completed | H25: Completed | K25: Completed | N25: Completed | Q25: Completed
B26: Progress | C26: =SUM(Jan!$C$21:$AG$21)/Jan!$AG$9 -> 0.024661811 | E26: Progress | H26: Progress | K26: Progress | N26: Progress | Q26: Progress
B28: July | E28: August | H28: September | K28: October | N28: November | Q28: Decemeber
B29: Number of habits | H29: Number of habits | K29: Number of habits | N29: Number of habits | Q29: Number of habits
B30: Completed | E30: Number of habits | H30: Completed | K30: Completed | N30: Completed | Q30: Completed
B31: Progress | E31: Completed | H31: Progress | K31: Progress | N31: Progress | Q31: Progress
E32: Progress

Sheet Jan
B2: January | N2: Number of habits | V2: Completed habits | AB2: Progress
N4: =COUNTA(B10:B19) -> 10 | V4: =SUM(C22:AG22) -> 12
B7: My Habits | C7: Week 1 | J7: Week 2 | Q7: Week 3 | X7: Week 4 | AE7: Week 5 | AI7: Analysis
C8: Su | D8: Mo | E8: Tu | F8: We | G8: Th | H8: Fr | I8: Sa | J8: Su | K8: Mo | L8: Tu | M8: We | N8: Th | O8: Fr | P8: Sa | Q8: Su | R8: Mo | S8: Tu | T8: We | U8: Th | V8: Fr | W8: Sa | X8: Su | Y8: Mo | Z8: Tu | AA8: We | AB8: Th | AC8: Fr | AD8: Sa | AE8: Su | AF8: Mo | AG8: Tu
C9: 1 | D9: 2 | E9: 3 | F9: 4 | G9: 5 | H9: 6 | I9: 7 | J9: 8 | K9: 9 | L9: 10 | M9: 11 | N9: 12 | O9: 13 | P9: 14 | Q9: 15 | R9: 16 | S9: 17 | T9: 18 | U9: 19 | V9: 20 | W9: 21 | X9: 22 | Y9: 23 | Z9: 24 | AA9: 25 | AB9: 26 | AC9: 27 | AD9: 28 | AE9: 29 | AF9: 30 | AG9: 31 | AI9: Goal | AJ9: Actual | AK9: Progress
B10: ='Set Up'!D4 -> Practice gratitude | C10: TRUE | D10: FALSE | E10: FALSE | F10: FALSE | G10: FALSE | H10: TRUE | I10: FALSE | J10: FALSE | K10: FALSE | L10: FALSE | M10: FALSE | N10: FALSE | O10: FALSE | P10: FALSE | Q10: FALSE | R10: FALSE | S10: FALSE | T10: FALSE | U10: FALSE | V10: FALSE | W10: FALSE | X10: FALSE | Y10: FALSE | Z10: FALSE | AA10: FALSE | AB10: FALSE | AC10: FALSE | AD10: FALSE | AE10: FALSE | AF10: FALSE | AG10: FALSE | AI10: =COUNTA(C10:AG10) -> 31 | AJ10: =COUNTIF(C10:AG10, TRUE) -> 2 | AK10: =COUNTIF(C10:AG10, TRUE) / COUNTA(C10:AG10) -> 0.064516129
B11: ='Set Up'!D5 -> Exercise | C11: TRUE | D11: FALSE | E11: FALSE | F11: FALSE | G11: FALSE | H11: FALSE | I11: FALSE | J11: FALSE | K11: FALSE | L11: FALSE | M11: FALSE | N11: FALSE | O11: FALSE | P11: FALSE | Q11: FALSE | R11: FALSE | S11: FALSE | T11: FALSE | U11: FALSE | V11: FALSE | W11: FALSE | X11: FALSE | Y11: FALSE | Z11: FALSE | AA11: FALSE | AB11: FALSE | AC11: FALSE | AD11: FALSE | AE11: FALSE | AF11: FALSE | AG11: FALSE | AI11: =COUNTA(C11:AG11) -> 31 | AJ11: =COUNTIF(C11:AG11, TRUE) -> 1 | AK11: =COUNTIF(C11:AG11, TRUE) / COUNTA(C11:AG11) -> 0.032258065
B12: ='Set Up'!D6 -> Go outside/get sunlight | C12: TRUE | D12: FALSE | E12: FALSE | F12: FALSE | G12: FALSE | H12: FALSE | I12: FALSE | J12: FALSE | K12: FALSE | L12: FALSE | M12: FALSE | N12: FALSE | O12: FALSE | P12: FALSE | Q12: FALSE | R12: FALSE | S12: FALSE | T12: FALSE | U12: FALSE | V12: FALSE | W12: FALSE | X12: FALSE | Y12: FALSE | Z12: FALSE | AA12: FALSE | AB12: FALSE | AC12: FALSE | AD12: FALSE | AE12: FALSE | AF12: FALSE | AG12: FALSE | AI12: =COUNTA(C12:AG12) -> 31 | AJ12: =COUNTIF(C12:AG12, TRUE) -> 1 | AK12: =COUNTIF(C12:AG12, TRUE) / COUNTA(C12:AG12) -> 0.032258065
B13: ='Set Up'!D7 -> Prioritize top 3 tasks | C13: FALSE | D13: FALSE | E13: FALSE | F13: FALSE | G13: FALSE | H13: TRUE | I13: FALSE | J13: FALSE | K13: FALSE | L13: FALSE | M13: FALSE | N13: FALSE | O13: FALSE | P13: FALSE | Q13: FALSE | R13: FALSE | S13: FALSE | T13: FALSE | U13: FALSE | V13: FALSE | W13: FALSE | X13: FALSE | Y13: FALSE | Z13: FALSE | AA13: FALSE | AB13: FALSE | AC13: FALSE | AD13: FALSE | AE13: FALSE | AF13: FALSE | AG13: FALSE | AI13: =COUNTA(C13:AG13) -> 31 | AJ13: =COUNTIF(C13:AG13, TRUE) -> 1 | AK13: =COUNTIF(C13:AG13, TRUE) / COUNTA(C13:AG13) -> 0.032258065
B14: ='Set Up'!D8 -> Inbox/email cleanup | C14: TRUE | D14: FALSE | E14: FALSE | F14: TRUE | G14: FALSE | H14: FALSE | I14: FALSE | J14: FALSE | K14: FALSE | L14: FALSE | M14: FALSE | N14: FALSE | O14: FALSE | P14: FALSE | Q14: FALSE | R14: FALSE | S14: FALSE | T14: FALSE | U14: FALSE | V14: FALSE | W14: FALSE | X14: FALSE | Y14: FALSE | Z14: FALSE | AA14: FALSE | AB14: FALSE | AC14: FALSE | AD14: FALSE | AE14: FALSE | AF14: FALSE | AG14: FALSE | AI14: =COUNTA(C14:AG14) -> 31 | AJ14: =COUNTIF(C14:AG14, TRUE) -> 2 | AK14: =COUNTIF(C14:AG14, TRUE) / COUNTA(C14:AG14) -> 0.064516129
B15: ='Set Up'!D9 -> Limit social media | C15: FALSE | D15: FALSE | E15: TRUE | F15: TRUE | G15: FALSE | H15: TRUE | I15: FALSE | J15: FALSE | K15: FALSE | L15: FALSE | M15: FALSE | N15: FALSE | O15: FALSE | P15: FALSE | Q15: FALSE | R15: FALSE | S15: FALSE | T15: FALSE | U15: FALSE | V15: FALSE | W15: FALSE | X15: FALSE | Y15: FALSE | Z15: FALSE | AA15: FALSE | AB15: FALSE | AC15: FALSE | AD15: FALSE | AE15: FALSE | AF15: FALSE | AG15: FALSE | AI15: =COUNTA(C15:AG15) -> 31 | AJ15: =COUNTIF(C15:AG15, TRUE) -> 3 | AK15: =COUNTIF(C15:AG15, TRUE) / COUNTA(C15:AG15) -> 0.096774194
B16: ='Set Up'!D10 -> Express appreciation | C16: TRUE | D16: FALSE | E16: FALSE | F16: FALSE | G16: FALSE | H16: TRUE | I16: FALSE | J16: FALSE | K16: FALSE | L16: FALSE | M16: FALSE | N16: FALSE | O16: FALSE | P16: FALSE | Q16: FALSE | R16: FALSE | S16: FALSE | T16: FALSE | U16: FALSE | V16: FALSE | W16: FALSE | X16: FALSE | Y16: FALSE | Z16: FALSE | AA16: FALSE | AB16: FALSE | AC16: FALSE | AD16: FALSE | AE16: FALSE | AF16: FALSE | AG16: FALSE | AI16: =COUNTA(C16:AG16) -> 31 | AJ16: =COUNTIF(C16:AG16, TRUE) -> 2 | AK16: =COUNTIF(C16:AG16, TRUE) / COUNTA(C16:AG16) -> 0.064516129
B17: ='Set Up'!D11 -> Reach out to a friend | C17: FALSE | D17: FALSE | E17: FALSE | F17: FALSE | G17: FALSE | H17: FALSE | I17: FALSE | J17: FALSE | K17: FALSE | L17: FALSE | M17: FALSE | N17: FALSE | O17: FALSE | P17: FALSE | Q17: FALSE | R17: FALSE | S17: FALSE | T17: FALSE | U17: FALSE | V17: FALSE | W17: FALSE | X17: FALSE | Y17: FALSE | Z17: FALSE | AA17: FALSE | AB17: FALSE | AC17: FALSE | AD17: FALSE | AE17: FALSE | AF17: FALSE | AG17: FALSE | AI17: =COUNTA(C17:AG17) -> 31 | AJ17: =COUNTIF(C17:AG17, TRUE) -> 0 | AK17: =COUNTIF(C17:AG17, TRUE) / COUNTA(C17:AG17) -> 0
B18: ='Set Up'!D12 -> Make the bed | C18: FALSE | D18: FALSE | E18: FALSE | F18: FALSE | G18: FALSE | H18: FALSE | I18: FALSE | J18: FALSE | K18: FALSE | L18: FALSE | M18: FALSE | N18: FALSE | O18: FALSE | P18: FALSE | Q18: FALSE | R18: FALSE | S18: FALSE | T18: FALSE | U18: FALSE | V18: FALSE | W18: FALSE | X18: FALSE | Y18: FALSE | Z18: FALSE | AA18: FALSE | AB18: FALSE | AC18: FALSE | AD18: FALSE | AE18: FALSE | AF18: FALSE | AG18: FALSE | AI18: =COUNTA(C18:AG18) -> 31 | AJ18: =COUNTIF(C18:AG18, TRUE) -> 0 | AK18: =COUNTIF(C18:AG18, TRUE) / COUNTA(C18:AG18) -> 0
B19: ='Set Up'!D13 -> Clean for 10 minutes | C19: FALSE | D19: FALSE | E19: FALSE | F19: FALSE | G19: FALSE | H19: FALSE | I19: FALSE | J19: FALSE | K19: FALSE | L19: FALSE | M19: FALSE | N19: FALSE | O19: FALSE | P19: FALSE | Q19: FALSE | R19: FALSE | S19: FALSE | T19: FALSE | U19: FALSE | V19: FALSE | W19: FALSE | X19: FALSE | Y19: FALSE | Z19: FALSE | AA19: FALSE | AB19: FALSE | AC19: FALSE | AD19: FALSE | AE19: FALSE | AF19: FALSE | AG19: FALSE | AI19: =COUNTA(C19:AG19) -> 31 | AJ19: =COUNTIF(C19:AG19, TRUE) -> 0 | AK19: =COUNTIF(C19:AG19, TRUE) / COUNTA(C19:AG19) -> 0
B21: Progress | C21: =COUNTIF(C10:AG10, TRUE) / COUNTA(C10:AG10) -> 0.064516129 | D21: =COUNTIF(D10:D19, TRUE) / COUNTA(D10:D19) -> 0 | E21: =COUNTIF(E10:E19, TRUE) / COUNTA(E10:E19) -> 0.1 | F21: =COUNTIF(F10:F19, TRUE) / COUNTA(F10:F19) -> 0.2 | G21: =COUNTIF(G10:G19, TRUE) / COUNTA(G10:G19) -> 0 | H21: =COUNTIF(H10:H19, TRUE) / COUNTA(H10:H19) -> 0.4 | I21: =COUNTIF(I10:I19, TRUE) / COUNTA(I10:I19) -> 0 | J21: =COUNTIF(J10:J19, TRUE) / COUNTA(J10:J19) -> 0 | K21: =COUNTIF(K10:K19, TRUE) / COUNTA(K10:K19) -> 0 | ... AG21: =COUNTIF(AG10:AG19, TRUE) / COUNTA(AG10:AG19) -> 0
B22: Done | C22: =COUNTIF(C10:C19, TRUE) -> 5 | D22: =COUNTIF(D10:D19, TRUE) -> 0 | E22: =COUNTIF(E10:E19, TRUE) -> 1 | F22: =COUNTIF(F10:F19, TRUE) -> 2 | G22: =COUNTIF(G10:G19, TRUE) -> 0 | H22: =COUNTIF(H10:H19, TRUE) -> 4 | I22: =COUNTIF(I10:I19, TRUE) -> 0 | J22: =COUNTIF(J10:J19, TRUE) -> 0 | ... AG22: =COUNTIF(AG10:AG19, TRUE) -> 0
B23: Not Done | C23: =COUNTIF(C10:C19, FALSE) -> 5 | D23: =COUNTIF(D10:D19, FALSE) -> 10 | E23: =COUNTIF(E10:E19, FALSE) -> 9 | F23: =COUNTIF(F10:F19, FALSE) -> 8 | G23: =COUNTIF(G10:G19, FALSE) -> 10 | H23: =COUNTIF(H10:H19, FALSE) -> 6 | I23: =COUNTIF(I10:I19, FALSE) -> 10 | J23: =COUNTIF(J10:J19, FALSE) -> 10 | ... AG23: =COUNTIF(AG10:AG19, FALSE) -> 10

Sheet Lists
C2: Habits by Category
B3: Categories | C3: Mental | D3: Physical | E3: Nutrition | F3: Productivity | G3: Focus | H3: Relationships | I3: Organization
B4: Mental | C4: Meditate | D4: Exercise | E4: Eat breakfast | F4: Work on a personal project | G4: Limit social media | H4: Reach out to a friend | I4: Make the bed
B5: Physical | C5: Journal | D5: Stretch | E5: Cook a meal at home | F5: Study or practice a skill | G5: No phone first 30 minutes of day | H5: Compliment someone | I5: Clean for 10 minutes
B6: Nutrition | C6: Practice gratitude | D6: Walk 10,000 steps | E6: Track calories/macros | F6: Review goals | G6: No phone before bed | H6: Spend quality time with family | I6: Track expenses
B7: Productivity | C7: Read a book | D7: Drink enough water | E7: Eat fruit | F7: Plan the day | G7: Focus work session (Pomodoro) | H7: Express appreciation | I7: Prepare for tomorrow
B8: Focus | C8: Limit negative self-talk | D8: Take vitamins | E8: Avoid late-night snacking | F8: Prioritize top 3 tasks | G8: Clear desktop files | H8: Practice active listening | I8: Practice a hobby
B9: Relationships | C9: Practice deep breathing | D9: Eat vegetables | E9: Limit processed foods | F9: Inbox/email cleanup
B10: Organization | C10: Reflect on the day | D10: Avoid sugary drinks | F10: Declutter workspace
C11: Learn something new | D11: Sleep 7–8 hours | F11: Practice typing or writing
C12: Visualization/goal review | D12: Posture check | F12: Read industry news
C13: Digital detox time | D13: Go outside/get sunlight
